{"cameraMode":{"drawMode":0,"name":"Shaded","section":"Shading Mode"},"sceneLighting":true,"audioPlay":false,"sceneViewState":{"m_AlwaysRefresh":false,"showFog":true,"showSkybox":true,"showFlares":true,"showImageEffects":true,"showParticleSystems":true,"showVisualEffectGraphs":true,"m_FxEnabled":true},"in2DMode":false,"pivot":{"x":-36.098751068115237,"y":8.945138931274414,"z":18.981487274169923},"rotation":{"x":-0.014763428829610348,"y":-0.9853237867355347,"z":0.09474562108516693,"w":-0.14394976198673249},"size":10.162440299987793,"orthographic":false}